Timestamp,Action,Name,Email,Company,Country,Industry
2026-06-18 10:06:01 UTC,Register,lal,harishlalme10@gmail.com,fais,UK,Health
2026-06-18 10:06:25 UTC,Login,lal,harishlalme10@gmail.com,,,
2026-06-18 10:22:09 UTC,Register,uawb,harish@gmail.com,foce,US,Finance
2026-06-18 10:22:35 UTC,Login,uawb,harish@gmail.com,,,
2026-06-18 10:55:21 UTC,Register,hhh,ha@gmail.com,,,
2026-06-18 10:55:36 UTC,Login,hhh,ha@gmail.com,,,
2026-06-18 11:38:00 UTC,Register,hhh,hhh@gmail.com,,,
2026-06-18 11:38:12 UTC,Login,hhh,hhh@gmail.com,,,
2026-06-18 11:38:21 UTC,Login,hhh,hhh@gmail.com,,,
